id,sex,age,race,decile_score,priors_count,c_charge_degree,r_charge_degree,is_violent_recid,v_decile_score,v_score_text,score_text
1,Male,69,Other,1,0,F,O,0,1,Low,Low
2,Male,31,Caucasian,5,0,O,O,0,2,Low,Medium
3,Male,34,African-American,3,0,F,F,1,1,Low,Low
4,Male,24,African-American,4,4,F,M,0,3,Low,Low
5,Male,23,African-American,8,1,F,O,0,6,Medium,High
6,Male,43,Other,1,2,F,O,0,1,Low,Low
7,Male,44,Other,1,0,M,O,0,1,Low,Low
8,Male,41,Caucasian,6,14,F,F,0,2,Low,Medium
9,Male,43,Other,4,3,F,O,0,3,Low,Low
10,Female,39,Caucasian,1,0,M,O,0,1,Low,Low
11,Male,20,Caucasian,10,0,F,O,0,9,High,High
12,Female,26,Caucasian,5,0,F,O,0,3,Low,Medium
13,Male,21,Caucasian,3,1,F,M,1,5,Medium,Low
14,Male,27,Caucasian,4,0,F,O,0,4,Low,Low
15,Male,23,African-American,6,3,M,M,0,4,Low,Medium
16,Female,37,Caucasian,1,0,M,O,0,1,Low,Low
17,Male,22,Caucasian,3,0,M,O,0,5,Medium,Low
18,Male,41,African-American,4,0,F,O,0,2,Low,Low
19,Female,47,Caucasian,1,1,F,F,0,1,Low,Low
20,Male,31,African-American,3,7,F,M,0,2,Low,Low
21,Male,37,Hispanic,1,0,M,O,0,1,Low,Low
22,Male,25,African-American,10,3,F,O,0,9,High,High
23,Male,31,Caucasian,5,6,F,F,1,4,Low,Medium
24,Male,31,Caucasian,3,5,F,F,0,2,Low,Low
25,Male,64,African-American,6,13,F,F,0,3,Low,Medium
26,Male,21,African-American,9,1,F,M,0,9,High,High
27,Male,27,Caucasian,2,0,M,M,0,3,Low,Low
28,Female,21,Caucasian,4,0,F,O,0,5,Medium,Low
29,Male,24,African-American,-1,2,F,M,0,6,Medium,
30,Male,24,Hispanic,4,1,F,M,0,5,Medium,Low
31,Male,42,Caucasian,3,1,F,O,0,1,Low,Low
32,Male,43,Caucasian,1,1,M,O,0,2,Low,Low
33,Male,32,Other,3,0,M,O,0,4,Low,Low
34,Female,54,African-American,9,0,F,O,0,5,Medium,High
35,Male,44,African-American,6,8,M,O,0,4,Low,Medium
36,Female,49,Caucasian,1,0,O,O,0,1,Low,Low
37,Male,27,African-American,3,8,F,M,1,3,Low,Low
38,Female,36,Caucasian,3,3,F,O,0,1,Low,Low
39,Male,26,African-American,7,5,F,M,0,7,Medium,Medium
40,Male,33,African-American,10,0,F,F,1,6,Medium,High
41,Male,30,Caucasian,9,9,F,F,0,10,High,High
42,Male,32,African-American,8,4,F,M,0,3,Low,High
43,Male,63,African-American,1,0,M,O,0,1,Low,Low
44,Male,27,Hispanic,3,2,F,O,0,3,Low,Low
45,Male,55,Caucasian,1,0,F,O,0,1,Low,Low
46,Male,29,Caucasian,8,0,O,O,0,6,Medium,High
47,Male,32,African-American,10,15,F,O,0,8,High,High
48,Male,38,African-American,3,5,F,O,0,4,Low,Low
49,Male,53,Caucasian,5,19,F,O,0,2,Low,Medium
50,Male,49,Other,3,7,F,M,0,2,Low,Low
51,Male,26,Caucasian,8,6,M,O,0,8,High,High
52,Female,33,Caucasian,5,4,M,F,0,2,Low,Medium
53,Male,24,Caucasian,2,1,M,F,0,3,Low,Low
54,Male,34,African-American,9,21,F,M,0,6,Medium,High
55,Male,29,Caucasian,2,0,M,O,0,2,Low,Low
56,Female,21,African-American,8,2,F,O,0,8,High,High
57,Male,51,African-American,1,2,M,O,0,1,Low,Low
58,Male,36,African-American,1,0,O,O,0,1,Low,Low
59,Male,29,Caucasian,2,2,M,M,0,2,Low,Low
60,Male,25,African-American,6,0,F,O,0,7,Medium,Medium
61,Female,51,African-American,2,7,F,O,0,2,Low,Low
62,Male,28,Caucasian,7,8,F,O,0,4,Low,Medium
63,Male,36,African-American,9,22,M,O,0,10,High,High
64,Male,29,African-American,7,0,F,M,0,2,Low,Medium
65,Male,29,Other,1,0,M,O,0,2,Low,Low
66,Male,25,Caucasian,10,9,M,F,1,9,High,High
67,Male,35,African-American,8,13,F,M,1,3,Low,High
68,Male,49,Caucasian,1,0,M,O,0,1,Low,Low
69,Male,34,African-American,3,4,M,M,0,2,Low,Low
70,Male,29,African-American,4,0,F,O,0,3,Low,Low
71,Male,29,Caucasian,2,1,F,M,0,2,Low,Low
72,Female,28,Other,2,0,F,O,0,2,Low,Low
73,Male,51,Caucasian,2,0,F,O,0,1,Low,Low
74,Male,25,Caucasian,3,0,F,O,0,3,Low,Low
75,Male,48,Caucasian,6,20,F,M,0,4,Low,Medium
76,Male,33,Caucasian,9,1,F,O,0,10,High,High
77,Female,63,Hispanic,1,1,F,O,0,1,Low,Low
78,Male,30,African-American,6,3,F,O,0,4,Low,Medium
79,Male,31,African-American,5,15,F,M,0,7,Medium,Medium
80,Male,24,African-American,4,2,F,M,0,4,Low,Low
81,Male,27,African-American,5,0,F,O,0,3,Low,Medium
82,Male,32,Caucasian,8,3,F,O,0,2,Low,High
83,Male,30,Hispanic,7,0,M,O,0,3,Low,Medium
84,Male,49,African-American,1,4,M,O,0,1,Low,Low
85,Male,53,Caucasian,5,8,F,O,0,2,Low,Medium
86,Female,31,Hispanic,1,0,M,O,0,1,Low,Low
87,Male,35,African-American,3,5,F,O,0,2,Low,Low
88,Male,63,African-American,7,10,M,M,0,5,Medium,Medium
89,Male,33,African-American,1,2,F,O,0,1,Low,Low
90,Male,27,African-American,10,15,F,M,0,9,High,High
91,Male,38,Caucasian,2,4,M,M,0,2,Low,Low
92,Male,46,Caucasian,6,9,F,O,0,3,Low,Medium
93,Male,22,African-American,4,1,F,M,0,6,Medium,Low
94,Female,34,Caucasian,1,0,M,O,0,1,Low,Low
95,Male,22,African-American,10,2,F,M,0,9,High,High
96,Male,29,African-American,9,4,F,F,0,5,Medium,High
97,Male,62,Hispanic,1,0,M,O,0,1,Low,Low
98,Male,27,African-American,6,6,F,F,0,3,Low,Medium
99,Male,33,Other,1,0,M,O,0,1,Low,Low
100,Female,56,African-American,1,0,M,O,0,1,Low,Low
101,Male,45,Hispanic,1,6,F,M,1,1,Low,Low
102,Male,22,Hispanic,4,1,F,O,0,6,Medium,Low
103,Female,31,Caucasian,3,2,F,O,0,2,Low,Low
104,Male,34,African-American,4,0,F,O,0,4,Low,Low
105,Male,39,African-American,4,1,M,O,0,2,Low,Low
106,Male,24,African-American,6,4,M,O,0,4,Low,Medium
107,Male,29,African-American,6,5,F,M,0,3,Low,Medium
108,Male,27,Caucasian,6,1,F,F,0,3,Low,Medium
109,Male,41,African-American,2,0,O,O,0,1,Low,Low
110,Female,24,Hispanic,4,1,M,O,0,2,Low,Low
111,Male,40,African-American,2,2,F,O,0,1,Low,Low
112,Male,51,African-American,1,1,F,O,0,1,Low,Low
113,Male,22,African-American,3,1,M,M,0,3,Low,Low
114,Male,22,Caucasian,8,0,F,O,0,6,Medium,High
115,Female,26,African-American,4,1,F,M,1,3,Low,Low
116,Male,27,Caucasian,7,1,F,M,1,8,High,Medium
117,Female,59,African-American,1,2,F,O,0,1,Low,Low
118,Male,32,Caucasian,1,3,M,O,0,3,Low,Low
119,Male,32,African-American,2,0,F,O,0,1,Low,Low
120,Male,41,African-American,2,1,M,O,0,2,Low,Low
121,Male,50,Caucasian,1,0,M,O,0,1,Low,Low
122,Male,30,African-American,10,8,M,M,1,9,High,High
123,Male,66,African-American,9,0,M,O,0,3,Low,High
124,Male,52,African-American,5,3,F,O,0,1,Low,Medium
125,Male,36,African-American,6,0,O,O,0,5,Medium,Medium
126,Male,22,Caucasian,6,3,F,O,0,5,Medium,Medium
127,Male,50,Other,1,0,F,M,0,2,Low,Low
128,Male,25,African-American,10,14,F,M,1,10,High,High
129,Female,44,Caucasian,1,0,O,O,0,1,Low,Low
130,Male,20,Other,5,0,F,F,1,8,High,Medium
131,Male,22,African-American,9,2,F,M,0,10,High,High
132,Male,23,African-American,7,2,M,M,0,8,High,Medium
133,Male,54,African-American,6,6,F,O,0,5,Medium,Medium
134,Male,40,Caucasian,5,4,F,O,0,4,Low,Medium
135,Male,25,African-American,7,10,F,O,0,6,Medium,Medium
136,Female,35,African-American,2,1,M,O,0,1,Low,Low
137,Male,36,African-American,7,9,F,M,0,6,Medium,Medium
138,Male,26,Caucasian,8,7,F,M,0,4,Low,High
139,Male,21,Other,6,1,F,M,0,6,Medium,Medium
140,Female,28,African-American,3,0,O,O,0,3,Low,Low
141,Male,30,Caucasian,5,6,F,O,0,4,Low,Medium
142,Male,25,Caucasian,8,9,F,M,1,9,High,High
143,Male,71,African-American,7,12,M,O,0,3,Low,Medium
144,Male,34,African-American,3,3,M,O,0,2,Low,Low
145,Female,20,Caucasian,7,0,F,O,0,8,High,Medium
146,Male,39,Caucasian,1,2,F,F,0,1,Low,Low
147,Male,66,Caucasian,1,3,F,O,0,1,Low,Low
148,Female,54,Caucasian,1,0,M,O,0,1,Low,Low
149,Male,28,African-American,4,0,O,O,0,5,Medium,Low
150,Female,44,Hispanic,1,0,M,O,0,1,Low,Low
151,Male,19,African-American,4,1,M,M,1,7,Medium,Low
152,Male,24,African-American,2,1,F,O,0,3,Low,Low
153,Male,30,African-American,2,1,F,O,0,2,Low,Low
154,Female,39,Caucasian,1,0,F,M,1,1,Low,Low
155,Female,32,African-American,3,8,M,O,0,1,Low,Low
156,Male,24,Caucasian,6,8,F,F,0,6,Medium,Medium
157,Male,30,Caucasian,4,0,F,O,0,2,Low,Low
158,Male,31,Caucasian,5,0,M,O,0,2,Low,Medium
159,Female,39,Caucasian,4,1,F,O,0,3,Low,Low
160,Male,59,African-American,9,14,F,F,1,4,Low,High
161,Male,35,Caucasian,6,7,F,O,0,3,Low,Medium
162,Female,24,Other,3,0,F,O,0,4,Low,Low
163,Male,43,Caucasian,1,1,F,O,0,1,Low,Low
164,Male,21,African-American,9,2,F,O,0,6,Medium,High
165,Female,21,African-American,4,0,M,O,0,4,Low,Low
166,Male,21,African-American,9,3,F,M,0,6,Medium,High
167,Male,27,African-American,7,0,F,O,0,3,Low,Medium
168,Male,20,African-American,8,0,F,O,0,6,Medium,High
169,Male,38,Caucasian,4,5,M,F,0,3,Low,Low
170,Male,27,African-American,9,3,F,O,0,4,Low,High
171,Male,34,Caucasian,5,0,F,O,0,5,Medium,Medium
172,Male,30,African-American,3,3,F,O,0,3,Low,Low
173,Male,33,African-American,5,5,F,M,0,2,Low,Medium
174,Male,37,African-American,2,3,F,O,0,1,Low,Low
175,Male,42,Caucasian,2,1,F,F,0,2,Low,Low
176,Male,41,African-American,9,10,F,M,0,7,Medium,High
177,Male,22,African-American,4,0,F,F,0,7,Medium,Low
178,Male,33,African-American,8,28,F,M,0,5,Medium,High
179,Male,44,Caucasian,1,0,M,O,0,1,Low,Low
180,Male,31,African-American,7,1,M,O,0,8,High,Medium
181,Male,26,African-American,8,9,F,O,0,7,Medium,High
182,Female,30,Other,2,1,F,O,0,2,Low,Low
183,Male,31,Caucasian,10,13,F,F,1,7,Medium,High
184,Male,27,African-American,9,3,F,F,0,4,Low,High
185,Female,31,Caucasian,2,1,F,O,0,2,Low,Low
186,Male,47,Hispanic,1,2,F,O,0,1,Low,Low
187,Male,56,African-American,9,8,F,O,0,3,Low,High
188,Male,33,Asian,8,2,M,O,0,8,High,High
189,Male,52,Caucasian,9,3,M,O,0,6,Medium,High
190,Male,33,African-American,10,19,F,M,0,7,Medium,High
191,Male,61,Caucasian,4,0,F,O,0,1,Low,Low
192,Female,64,Caucasian,1,2,M,O,0,1,Low,Low
193,Male,22,Caucasian,6,4,F,M,0,8,High,Medium
194,Male,42,Caucasian,3,6,F,O,0,1,Low,Low
195,Female,25,Caucasian,4,2,F,O,0,5,Medium,Low
196,Male,27,Caucasian,1,0,F,O,0,2,Low,Low
197,Male,30,Caucasian,2,1,M,O,0,2,Low,Low
198,Male,23,African-American,2,0,O,O,0,3,Low,Low
199,Male,28,Caucasian,1,2,F,O,0,2,Low,Low
200,Female,37,Other,2,2,M,O,0,1,Low,Low
201,Male,21,Caucasian,5,1,F,O,0,6,Medium,Medium
202,Male,28,Caucasian,2,0,M,M,0,3,Low,Low
203,Female,24,African-American,2,0,M,O,0,3,Low,Low
204,Male,37,African-American,8,13,F,O,0,7,Medium,High
205,Male,22,African-American,9,0,F,O,0,8,High,High
206,Female,29,Caucasian,4,10,F,F,0,2,Low,Low
207,Female,25,Caucasian,3,0,F,O,0,3,Low,Low
208,Male,44,Caucasian,2,2,M,M,0,1,Low,Low
209,Female,30,Hispanic,5,4,F,M,1,5,Medium,Medium
210,Male,32,African-American,7,3,F,F,0,3,Low,Medium
211,Male,53,Hispanic,4,1,F,O,0,1,Low,Low
212,Male,34,Other,2,1,M,O,0,1,Low,Low
213,Male,31,Caucasian,3,2,M,M,0,3,Low,Low
214,Male,27,African-American,10,5,F,O,0,10,High,High
215,Male,31,African-American,2,1,M,M,0,3,Low,Low
216,Male,59,Caucasian,2,1,F,M,0,1,Low,Low
217,Male,28,African-American,10,15,F,O,0,8,High,High
218,Female,45,Caucasian,4,4,F,O,0,3,Low,Low
219,Male,23,Caucasian,3,0,M,O,0,3,Low,Low
220,Female,20,African-American,10,1,F,O,0,10,High,High
221,Male,42,African-American,1,2,F,O,0,1,Low,Low
222,Female,43,Caucasian,1,0,M,O,0,1,Low,Low
223,Male,38,African-American,8,9,F,M,0,4,Low,High
224,Male,32,African-American,6,11,F,F,1,5,Medium,Medium
225,Male,33,African-American,5,8,M,M,1,2,Low,Medium
226,Male,55,African-American,8,4,M,O,0,3,Low,High
227,Female,31,African-American,3,0,F,M,0,2,Low,Low
228,Female,33,African-American,9,7,F,M,0,9,High,High
229,Male,27,African-American,9,2,F,M,0,8,High,High
230,Male,52,African-American,1,0,M,O,0,1,Low,Low
231,Female,20,African-American,6,0,F,O,0,8,High,Medium
232,Female,26,Caucasian,6,0,M,O,0,3,Low,Medium
233,Male,25,African-American,10,4,M,O,0,10,High,High
234,Female,61,African-American,1,1,F,M,0,1,Low,Low
235,Male,52,Other,7,13,F,M,0,6,Medium,Medium
236,Male,63,Hispanic,1,1,F,O,0,1,Low,Low
237,Male,40,Hispanic,2,0,O,O,0,1,Low,Low
238,Female,32,African-American,10,4,F,F,1,9,High,High
239,Male,29,Hispanic,4,1,F,O,0,4,Low,Low
240,Female,46,Other,2,1,F,O,0,1,Low,Low
241,Female,26,African-American,4,2,M,M,0,4,Low,Low
242,Male,55,African-American,1,3,M,O,0,1,Low,Low
243,Male,39,Caucasian,4,1,O,O,0,4,Low,Low
244,Female,30,Caucasian,7,3,F,F,0,4,Low,Medium
245,Male,30,African-American,7,1,F,O,0,8,High,Medium
246,Male,48,Caucasian,2,2,M,O,0,1,Low,Low
247,Male,33,Caucasian,1,0,M,O,0,1,Low,Low
248,Male,22,African-American,2,1,F,O,0,4,Low,Low
249,Male,46,Caucasian,1,6,F,M,0,1,Low,Low
250,Male,41,Caucasian,10,5,F,O,0,4,Low,High
251,Female,49,Caucasian,6,6,F,O,0,2,Low,Medium
252,Male,31,Caucasian,5,0,F,O,0,4,Low,Medium
253,Male,31,African-American,1,0,M,O,0,2,Low,Low
254,Male,25,African-American,2,1,M,M,0,3,Low,Low
255,Male,31,African-American,3,3,F,O,0,2,Low,Low
256,Female,21,African-American,6,0,M,O,0,6,Medium,Medium
257,Male,23,Hispanic,3,0,F,O,0,5,Medium,Low
258,Female,32,African-American,7,5,F,O,0,3,Low,Medium
259,Male,52,Hispanic,1,2,M,O,0,1,Low,Low
260,Male,62,African-American,4,8,F,O,0,1,Low,Low
261,Male,30,African-American,6,2,M,O,0,4,Low,Medium
262,Female,37,Caucasian,10,6,F,O,0,4,Low,High
263,Male,55,Caucasian,1,1,F,O,0,1,Low,Low
264,Male,31,Hispanic,9,8,F,M,0,7,Medium,High
265,Male,28,African-American,6,6,M,M,1,6,Medium,Medium
266,Male,54,Hispanic,1,2,F,O,0,1,Low,Low
267,Male,58,Hispanic,2,0,F,O,0,1,Low,Low
268,Male,78,Caucasian,1,1,M,F,0,1,Low,Low
269,Male,56,Caucasian,1,0,F,O,0,1,Low,Low
270,Male,21,Hispanic,10,1,M,O,0,8,High,High
271,Male,24,Other,2,0,F,O,0,4,Low,Low
272,Male,38,African-American,8,22,F,M,0,5,Medium,High
273,Male,39,African-American,5,3,M,O,0,1,Low,Medium
274,Male,35,Caucasian,1,0,F,O,0,1,Low,Low
275,Male,22,African-American,5,1,F,M,0,5,Medium,Medium
276,Male,21,Hispanic,7,0,O,O,0,6,Medium,Medium
277,Male,47,African-American,8,23,M,F,0,1,Low,High
278,Male,23,African-American,2,0,M,M,0,4,Low,Low
279,Male,57,Hispanic,1,1,F,O,0,1,Low,Low
280,Female,38,Caucasian,5,2,F,M,0,2,Low,Medium
281,Male,66,African-American,1,3,F,M,1,1,Low,Low
282,Male,45,Caucasian,4,8,M,M,0,3,Low,Low
283,Female,28,Caucasian,5,0,M,O,0,2,Low,Medium
284,Male,45,Other,1,2,F,O,0,1,Low,Low
285,Female,52,Other,3,0,O,M,0,1,Low,Low
286,Male,32,African-American,10,13,F,F,0,7,Medium,High
287,Male,37,African-American,9,2,M,M,1,8,High,High
288,Male,39,Caucasian,4,0,F,M,0,4,Low,Low
289,Male,26,African-American,9,9,F,F,0,8,High,High
290,Male,25,African-American,8,3,F,O,0,8,High,High
291,Male,45,Caucasian,3,2,F,O,0,4,Low,Low
292,Female,57,Caucasian,9,7,F,O,0,1,Low,High
293,Male,23,African-American,3,0,F,F,1,4,Low,Low
294,Male,34,African-American,2,2,M,F,0,1,Low,Low
295,Male,38,African-American,10,14,F,O,0,8,High,High
296,Female,36,African-American,3,0,O,O,0,4,Low,Low
297,Female,23,African-American,4,1,M,O,0,4,Low,Low
298,Male,36,Other,3,2,M,F,0,1,Low,Low
299,Male,50,Caucasian,1,1,F,O,0,1,Low,Low
300,Female,37,Caucasian,3,0,M,O,0,1,Low,Low
301,Male,44,Caucasian,4,4,M,O,0,4,Low,Low
302,Female,35,African-American,9,23,F,F,0,9,High,High
303,Male,31,Caucasian,1,1,F,O,0,1,Low,Low
304,Male,24,Other,5,5,F,F,0,4,Low,Medium
305,Male,40,Asian,1,3,F,O,0,1,Low,Low
306,Male,26,African-American,10,2,F,F,0,8,High,High
307,Male,37,Other,6,1,F,O,0,2,Low,Medium
308,Male,27,African-American,2,0,M,O,0,3,Low,Low
309,Female,31,Caucasian,3,1,M,O,0,2,Low,Low
310,Female,28,African-American,8,0,F,O,0,6,Medium,High
311,Male,43,Caucasian,5,11,F,M,1,3,Low,Medium
312,Male,42,African-American,5,0,O,O,0,6,Medium,Medium
313,Female,28,Caucasian,9,7,F,F,0,6,Medium,High
314,Male,38,African-American,1,0,F,O,0,1,Low,Low
315,Male,38,African-American,1,2,F,O,0,1,Low,Low
316,Male,27,Caucasian,4,2,M,O,0,3,Low,Low
317,Female,28,African-American,9,1,F,O,0,7,Medium,High
318,Male,21,African-American,7,1,F,O,0,8,High,Medium
319,Male,56,Caucasian,1,7,F,M,0,1,Low,Low
320,Male,38,African-American,9,15,F,O,0,3,Low,High
321,Male,28,African-American,5,2,M,O,0,4,Low,Medium
322,Male,45,African-American,6,3,F,O,0,4,Low,Medium
323,Male,28,Hispanic,2,0,M,O,0,3,Low,Low
324,Female,24,Other,2,1,F,O,0,2,Low,Low
325,Male,61,Caucasian,1,1,F,O,0,1,Low,Low
326,Female,51,Caucasian,1,0,M,M,1,1,Low,Low
327,Male,51,Caucasian,2,0,M,O,0,2,Low,Low
328,Male,20,Caucasian,4,0,F,O,0,7,Medium,Low
329,Male,36,Other,1,1,M,M,0,1,Low,Low
330,Male,48,African-American,1,0,F,O,0,1,Low,Low
331,Male,37,Caucasian,3,4,F,M,0,4,Low,Low
332,Female,30,African-American,7,2,F,O,0,4,Low,Medium
333,Female,41,African-American,6,5,M,O,0,3,Low,Medium
334,Male,27,African-American,10,11,F,F,0,9,High,High
335,Male,37,African-American,1,0,M,M,1,1,Low,Low
336,Male,33,Other,4,4,F,M,0,2,Low,Low
337,Male,54,African-American,9,11,F,O,0,9,High,High
338,Male,23,African-American,9,2,F,O,0,5,Medium,High
339,Male,22,African-American,6,0,F,O,0,5,Medium,Medium
340,Male,68,Caucasian,1,0,O,O,0,2,Low,Low
341,Female,26,African-American,4,2,F,M,0,6,Medium,Low
342,Female,23,African-American,6,3,F,O,0,6,Medium,Medium
343,Female,32,African-American,3,0,O,O,0,1,Low,Low
344,Male,41,African-American,1,0,M,O,0,1,Low,Low
345,Male,52,Caucasian,1,0,F,O,0,1,Low,Low
346,Male,23,African-American,10,0,O,O,0,6,Medium,High
347,Male,43,Caucasian,4,13,F,F,0,1,Low,Low
348,Male,52,African-American,4,0,F,O,0,3,Low,Low
349,Male,28,Caucasian,1,1,F,O,0,2,Low,Low
350,Male,30,African-American,9,11,M,M,1,4,Low,High
351,Male,28,Caucasian,5,1,F,O,0,3,Low,Medium
352,Male,47,Caucasian,2,1,F,O,0,3,Low,Low
353,Female,34,African-American,2,0,M,O,0,1,Low,Low
354,Male,22,African-American,4,0,F,O,0,6,Medium,Low
355,Male,30,African-American,2,4,F,O,0,2,Low,Low
356,Male,25,Hispanic,4,4,F,O,0,4,Low,Low
357,Male,31,Caucasian,8,0,F,F,0,5,Medium,High
358,Male,37,Caucasian,2,0,F,M,0,1,Low,Low
359,Male,32,African-American,9,14,F,O,0,8,High,High
360,Male,26,African-American,8,4,M,O,0,6,Medium,High
361,Male,53,Caucasian,1,1,M,O,0,1,Low,Low
362,Male,28,African-American,8,25,F,F,0,9,High,High
363,Male,44,Caucasian,5,8,M,M,0,3,Low,Medium
364,Male,25,African-American,3,0,F,O,0,4,Low,Low
365,Female,30,Other,1,0,M,O,0,1,Low,Low
366,Male,22,Caucasian,8,1,M,F,0,7,Medium,High
367,Female,30,African-American,8,2,F,O,0,8,High,High
368,Female,20,African-American,5,0,F,O,0,6,Medium,Medium
369,Female,37,Other,1,0,M,O,0,1,Low,Low
370,Female,33,Caucasian,2,0,F,O,0,1,Low,Low
371,Female,47,Caucasian,5,2,F,O,0,1,Low,Medium
372,Female,40,Other,2,3,F,O,0,1,Low,Low
373,Male,24,Other,2,0,M,O,0,3,Low,Low
374,Male,36,Caucasian,7,8,F,M,1,9,High,Medium
375,Male,30,Caucasian,2,4,F,O,0,2,Low,Low
376,Male,22,African-American,9,3,M,M,1,9,High,High
377,Female,24,Caucasian,7,1,M,M,1,5,Medium,Medium
378,Male,27,African-American,2,3,M,F,0,3,Low,Low
379,Female,31,Hispanic,2,0,M,O,0,2,Low,Low
380,Male,47,African-American,1,0,M,O,0,2,Low,Low
381,Male,23,Hispanic,6,1,F,F,0,4,Low,Medium
382,Female,23,Caucasian,5,5,F,M,0,7,Medium,Medium
383,Male,24,Hispanic,8,0,M,O,0,7,Medium,High
384,Male,29,African-American,3,1,M,O,0,3,Low,Low
385,Male,20,African-American,8,1,F,F,1,7,Medium,High
386,Male,30,African-American,6,2,F,F,0,5,Medium,Medium
387,Male,39,Caucasian,2,1,M,O,0,1,Low,Low
388,Male,38,African-American,4,1,M,O,0,2,Low,Low
389,Male,39,Other,1,0,F,O,0,1,Low,Low
390,Male,27,African-American,4,4,F,O,0,4,Low,Low
391,Male,18,African-American,10,2,F,O,0,10,High,High
392,Male,31,Caucasian,4,2,M,F,0,3,Low,Low
393,Female,37,African-American,1,2,F,O,0,1,Low,Low
394,Male,31,Caucasian,2,0,F,O,0,3,Low,Low
395,Male,27,African-American,8,2,F,O,0,5,Medium,High
396,Male,20,African-American,8,0,F,O,0,6,Medium,High
397,Male,46,African-American,8,5,M,O,0,6,Medium,High
398,Male,22,Hispanic,7,0,F,O,0,6,Medium,Medium
399,Female,52,African-American,1,0,F,O,0,1,Low,Low
400,Female,23,African-American,4,0,F,M,0,4,Low,Low
401,Male,20,African-American,7,1,F,O,0,10,High,Medium
402,Female,48,African-American,2,0,F,O,0,3,Low,Low
403,Male,66,African-American,6,8,F,M,0,1,Low,Medium
404,Male,25,Caucasian,5,0,F,O,0,4,Low,Medium
405,Male,27,Caucasian,6,0,F,F,1,7,Medium,Medium
406,Male,30,African-American,7,11,F,M,0,6,Medium,Medium
407,Male,22,African-American,10,3,M,M,0,7,Medium,High
408,Female,22,Caucasian,3,1,F,O,0,4,Low,Low
409,Male,35,African-American,10,2,F,O,0,8,High,High
410,Male,32,Caucasian,4,2,F,O,0,4,Low,Low
411,Female,41,African-American,3,2,M,O,0,1,Low,Low
412,Male,35,Caucasian,8,9,F,O,0,8,High,High
413,Male,43,African-American,1,0,F,O,0,1,Low,Low
414,Female,25,Other,2,0,F,O,0,3,Low,Low
415,Male,44,African-American,7,24,M,O,0,3,Low,Medium
416,Male,52,African-American,6,3,F,F,0,2,Low,Medium
417,Male,43,African-American,1,0,F,O,0,1,Low,Low
418,Male,37,African-American,1,0,M,O,0,1,Low,Low
419,Female,24,Caucasian,3,0,O,O,0,3,Low,Low
420,Male,47,Other,1,1,M,O,0,1,Low,Low
421,Female,45,Caucasian,1,3,F,O,0,1,Low,Low
422,Male,23,African-American,4,2,F,O,0,4,Low,Low
423,Male,37,Caucasian,1,3,F,O,0,1,Low,Low
424,Male,28,African-American,4,3,M,F,1,3,Low,Low
425,Male,70,Caucasian,1,1,M,O,0,1,Low,Low
426,Male,54,Caucasian,2,6,F,F,0,1,Low,Low
427,Male,58,Caucasian,7,9,M,O,0,2,Low,Medium
428,Male,46,Caucasian,4,3,F,O,0,2,Low,Low
429,Male,21,African-American,9,0,M,M,0,7,Medium,High
430,Male,26,African-American,8,1,M,F,1,6,Medium,High
431,Male,38,Hispanic,1,3,F,F,0,1,Low,Low
432,Male,34,Caucasian,4,5,M,O,0,4,Low,Low
433,Female,34,Caucasian,8,0,F,O,0,4,Low,High
434,Male,19,African-American,5,1,F,M,0,7,Medium,Medium
435,Male,34,African-American,4,5,M,O,0,4,Low,Low
436,Female,32,African-American,4,3,M,O,0,3,Low,Low
437,Male,23,Caucasian,5,0,F,M,0,5,Medium,Medium
438,Male,34,African-American,4,5,F,M,0,2,Low,Low
439,Male,30,African-American,1,2,F,O,0,2,Low,Low
440,Male,39,African-American,3,6,F,M,0,1,Low,Low
441,Male,24,Other,3,0,F,O,0,5,Medium,Low
442,Male,33,Caucasian,3,1,M,F,1,2,Low,Low
443,Male,33,Caucasian,2,0,F,O,0,1,Low,Low
444,Male,40,Caucasian,4,6,M,O,0,2,Low,Low
445,Male,58,Caucasian,3,2,F,O,0,1,Low,Low
446,Female,21,African-American,6,0,M,O,0,7,Medium,Medium
447,Male,44,Asian,2,2,F,O,0,1,Low,Low
448,Male,56,African-American,8,13,F,O,0,3,Low,High
449,Male,27,Caucasian,5,1,F,O,0,3,Low,Medium
450,Male,21,African-American,5,1,F,F,0,7,Medium,Medium
451,Male,23,African-American,8,4,M,M,0,5,Medium,High
452,Male,62,Caucasian,1,0,F,O,0,1,Low,Low
453,Male,62,Caucasian,1,0,O,O,0,1,Low,Low
454,Male,27,African-American,8,4,M,F,0,10,High,High
455,Male,57,Other,1,6,M,O,0,1,Low,Low
456,Male,37,Caucasian,3,5,F,O,0,1,Low,Low
457,Male,43,Other,2,2,F,F,0,1,Low,Low
458,Male,22,Caucasian,3,0,O,O,0,4,Low,Low
459,Female,32,African-American,1,5,F,O,0,1,Low,Low
460,Female,33,African-American,3,2,F,O,0,2,Low,Low
461,Male,23,Hispanic,3,0,F,O,0,5,Medium,Low
462,Male,27,African-American,1,0,M,O,0,2,Low,Low
463,Male,44,Caucasian,1,0,M,F,0,1,Low,Low
464,Male,28,Caucasian,3,3,M,M,0,3,Low,Low
465,Female,42,Caucasian,2,0,F,O,0,1,Low,Low
466,Male,48,African-American,5,5,F,O,0,3,Low,Medium
467,Male,24,Other,10,9,F,M,1,10,High,High
468,Male,27,African-American,2,0,F,O,0,3,Low,Low
469,Male,20,African-American,10,0,F,M,0,9,High,High
470,Male,39,African-American,9,0,O,O,0,2,Low,High
471,Male,24,African-American,8,1,F,O,0,8,High,High
472,Male,31,Caucasian,10,6,F,O,0,9,High,High
473,Male,22,African-American,5,2,F,O,0,7,Medium,Medium
474,Female,51,Caucasian,1,0,M,O,0,1,Low,Low
475,Male,56,Caucasian,1,0,M,O,0,1,Low,Low
476,Male,20,Caucasian,6,0,M,O,0,5,Medium,Medium
477,Male,54,African-American,3,1,F,O,0,2,Low,Low
478,Male,29,African-American,9,7,F,O,0,6,Medium,High
479,Male,42,Caucasian,4,0,F,O,0,1,Low,Low
480,Male,20,African-American,9,0,F,M,0,8,High,High
481,Male,53,Caucasian,1,6,F,O,0,1,Low,Low
482,Male,48,African-American,8,8,M,O,0,1,Low,High
483,Male,24,Other,2,0,F,O,0,3,Low,Low
484,Male,27,Caucasian,5,8,F,O,0,3,Low,Medium
485,Male,24,African-American,9,2,F,M,1,9,High,High
486,Female,22,African-American,3,0,F,O,0,4,Low,Low
487,Male,53,Caucasian,6,36,F,M,0,9,High,Medium
488,Male,36,Caucasian,1,0,M,O,0,1,Low,Low
489,Male,28,Caucasian,3,2,M,M,1,4,Low,Low
490,Male,34,Hispanic,1,0,O,O,0,1,Low,Low
491,Male,46,Hispanic,1,1,F,O,0,1,Low,Low
492,Male,21,Other,4,0,F,O,0,5,Medium,Low
493,Male,45,African-American,1,1,F,O,0,1,Low,Low
494,Male,21,Hispanic,5,3,F,M,0,6,Medium,Medium
495,Female,36,African-American,7,0,F,O,0,5,Medium,Medium
496,Female,25,Caucasian,4,2,M,F,0,4,Low,Low
497,Female,23,Hispanic,3,1,M,M,0,4,Low,Low
498,Male,54,Hispanic,1,2,F,O,0,1,Low,Low
499,Male,28,Caucasian,5,1,F,O,0,3,Low,Medium
500,Female,21,African-American,8,0,F,M,0,7,Medium,High
501,Male,36,Caucasian,3,0,M,O,0,3,Low,Low
502,Male,24,African-American,3,0,F,O,0,4,Low,Low
503,Male,28,African-American,6,3,F,M,0,4,Low,Medium
504,Male,30,Other,2,1,F,M,0,2,Low,Low
505,Male,29,African-American,1,0,F,O,0,2,Low,Low
506,Male,22,African-American,8,2,F,O,0,9,High,High
507,Male,31,African-American,9,8,F,O,0,5,Medium,High
508,Male,38,African-American,9,2,F,O,0,5,Medium,High
509,Female,30,Caucasian,6,0,M,O,0,2,Low,Medium
510,Male,51,Hispanic,1,1,M,O,0,1,Low,Low
511,Male,33,Other,1,3,F,O,0,1,Low,Low
512,Female,25,African-American,6,2,F,O,0,5,Medium,Medium
513,Male,30,Hispanic,1,0,O,O,0,2,Low,Low
514,Male,22,African-American,10,0,O,O,0,8,High,High
515,Male,37,African-American,2,4,M,O,0,2,Low,Low
516,Male,32,African-American,9,12,F,M,1,7,Medium,High
517,Male,23,African-American,6,1,F,O,0,5,Medium,Medium
518,Male,47,African-American,3,3,F,O,0,2,Low,Low
519,Female,43,African-American,9,0,O,O,0,5,Medium,High
520,Female,41,African-American,6,6,M,O,0,3,Low,Medium
521,Female,32,Hispanic,3,1,F,M,0,3,Low,Low
522,Male,37,Caucasian,1,0,F,O,0,1,Low,Low
523,Male,19,African-American,10,2,F,M,0,9,High,High
524,Male,27,Hispanic,8,0,M,O,0,6,Medium,High
525,Male,39,Other,1,0,M,O,0,1,Low,Low
526,Female,21,Caucasian,6,0,F,O,0,8,High,Medium
527,Male,69,Caucasian,1,0,M,O,0,1,Low,Low
528,Male,36,Caucasian,3,3,F,O,0,3,Low,Low
529,Female,60,Caucasian,-1,0,O,O,0,-1,,
530,Male,21,Caucasian,6,2,F,O,0,6,Medium,Medium
531,Male,26,African-American,10,6,M,M,0,10,High,High
532,Male,22,Caucasian,4,0,F,O,0,5,Medium,Low
533,Female,23,African-American,5,0,F,M,0,5,Medium,Medium
534,Male,20,African-American,7,1,F,O,0,10,High,Medium
535,Male,28,Caucasian,2,0,F,O,0,2,Low,Low
536,Male,45,Caucasian,5,0,M,O,0,1,Low,Medium
537,Male,49,African-American,5,3,F,O,0,4,Low,Medium
538,Male,29,African-American,4,2,M,F,0,3,Low,Low
539,Male,24,Caucasian,6,0,O,O,0,8,High,Medium
540,Female,60,Caucasian,1,0,M,O,0,1,Low,Low
541,Female,26,African-American,10,0,O,O,0,10,High,High
542,Male,23,African-American,10,3,F,M,0,10,High,High
543,Male,34,Hispanic,5,2,M,F,1,2,Low,Medium
544,Male,30,Caucasian,1,0,M,O,0,2,Low,Low
545,Female,20,Other,4,1,F,O,0,7,Medium,Low
546,Male,36,Hispanic,3,1,F,O,0,2,Low,Low
547,Male,30,Caucasian,4,0,F,O,0,3,Low,Low
548,Male,21,African-American,3,1,F,M,0,6,Medium,Low
549,Male,34,African-American,8,11,M,O,0,4,Low,High
550,Male,25,Hispanic,7,1,F,O,0,3,Low,Medium
551,Male,25,African-American,7,7,F,O,0,6,Medium,Medium
552,Male,22,Caucasian,6,2,M,M,0,5,Medium,Medium
553,Male,57,African-American,8,18,F,O,0,7,Medium,High
554,Male,29,Caucasian,8,2,M,O,0,5,Medium,High
555,Male,36,African-American,1,1,F,O,0,1,Low,Low
556,Male,29,African-American,2,7,M,O,0,4,Low,Low
557,Male,21,African-American,9,4,F,M,0,6,Medium,High
558,Male,21,African-American,5,0,F,F,0,6,Medium,Medium
559,Male,37,African-American,8,1,F,O,0,5,Medium,High
560,Male,33,Caucasian,1,3,F,O,0,1,Low,Low
561,Male,34,Caucasian,1,1,M,O,0,1,Low,Low
562,Male,27,Caucasian,2,0,M,O,0,2,Low,Low
563,Female,50,Caucasian,1,1,M,M,0,1,Low,Low
564,Male,26,African-American,3,1,F,O,0,3,Low,Low
565,Male,40,Caucasian,7,0,F,M,0,9,High,Medium
566,Male,25,African-American,8,7,F,M,0,7,Medium,High
567,Female,53,Caucasian,1,1,M,O,0,1,Low,Low
568,Male,26,African-American,2,0,O,O,0,3,Low,Low
569,Female,24,African-American,4,0,F,O,0,4,Low,Low
570,Male,47,Caucasian,1,0,O,O,0,1,Low,Low
571,Male,39,Caucasian,4,2,M,O,0,4,Low,Low
572,Male,42,African-American,1,1,F,O,0,1,Low,Low
573,Male,28,African-American,3,1,M,O,0,3,Low,Low
574,Male,24,Caucasian,4,1,M,O,0,4,Low,Low
575,Female,23,Hispanic,4,0,M,O,0,4,Low,Low
576,Male,26,African-American,8,6,F,M,0,3,Low,High
577,Male,42,African-American,5,3,M,O,0,3,Low,Medium
578,Male,22,Caucasian,2,1,M,O,0,4,Low,Low
579,Male,22,African-American,9,4,F,F,1,9,High,High
580,Male,21,Caucasian,7,3,M,O,0,8,High,Medium
581,Male,37,African-American,9,23,F,M,0,4,Low,High
582,Male,44,Caucasian,2,0,M,O,0,2,Low,Low
583,Male,64,Caucasian,9,13,F,O,0,2,Low,High
584,Male,35,African-American,5,2,F,O,0,5,Medium,Medium
585,Male,36,African-American,7,8,F,O,0,4,Low,Medium
586,Male,53,African-American,1,2,F,O,0,1,Low,Low
587,Male,60,African-American,1,1,F,O,0,1,Low,Low
588,Male,29,African-American,4,7,F,M,0,3,Low,Low
589,Female,44,African-American,4,2,M,O,0,1,Low,Low
590,Male,48,Caucasian,8,23,F,F,1,5,Medium,High
591,Male,23,African-American,2,0,F,O,0,4,Low,Low
592,Male,48,Hispanic,4,8,F,O,0,1,Low,Low
593,Male,23,Caucasian,6,0,O,O,0,5,Medium,Medium
594,Female,52,Caucasian,1,0,M,O,0,1,Low,Low
595,Male,44,African-American,2,7,M,O,0,3,Low,Low
596,Male,28,Asian,5,1,F,O,0,2,Low,Medium
597,Male,27,African-American,8,12,F,M,0,5,Medium,High
598,Male,28,African-American,9,5,F,M,0,6,Medium,High
599,Male,33,Caucasian,3,3,M,O,0,1,Low,Low
600,Female,28,Hispanic,2,0,F,O,0,2,Low,Low
601,Male,47,Caucasian,10,5,F,F,0,6,Medium,High
602,Male,36,African-American,7,14,F,M,0,3,Low,Medium
603,Male,29,African-American,5,2,F,O,0,5,Medium,Medium
604,Male,22,African-American,9,0,M,M,0,7,Medium,High
605,Male,26,African-American,7,6,F,O,0,7,Medium,Medium
606,Male,40,Caucasian,1,0,M,O,0,1,Low,Low
607,Male,65,Caucasian,1,0,M,O,0,1,Low,Low
608,Male,25,Caucasian,2,0,F,O,0,3,Low,Low
609,Male,68,Caucasian,1,2,F,O,0,1,Low,Low
610,Female,32,Caucasian,4,1,F,O,0,4,Low,Low
611,Male,56,African-American,3,5,F,O,0,3,Low,Low
612,Male,27,African-American,8,9,F,F,1,8,High,High
613,Male,52,Caucasian,1,4,F,M,0,1,Low,Low
614,Female,31,African-American,2,0,F,O,0,2,Low,Low
615,Male,44,African-American,1,0,O,O,0,1,Low,Low
616,Male,32,African-American,2,3,F,O,0,2,Low,Low
617,Male,60,Other,1,4,F,O,0,1,Low,Low
618,Male,35,African-American,6,29,F,O,0,2,Low,Medium
619,Male,31,African-American,8,4,F,O,0,8,High,High
620,Male,51,Caucasian,3,3,O,O,0,2,Low,Low
621,Male,23,Hispanic,3,1,M,O,0,4,Low,Low
622,Female,39,Caucasian,6,0,M,O,0,2,Low,Medium
623,Male,56,Caucasian,1,0,M,O,0,1,Low,Low
624,Female,22,African-American,7,0,F,O,0,8,High,Medium
625,Female,27,African-American,2,1,F,M,0,2,Low,Low
626,Female,47,Caucasian,1,1,F,O,0,1,Low,Low
627,Male,53,African-American,6,11,F,O,0,3,Low,Medium
628,Male,25,Caucasian,2,0,M,M,0,3,Low,Low
629,Male,21,Hispanic,3,0,M,O,0,6,Medium,Low
630,Male,22,Caucasian,3,0,F,O,0,5,Medium,Low
631,Female,43,Hispanic,1,0,M,O,0,1,Low,Low
632,Female,59,Caucasian,1,0,F,O,0,1,Low,Low
633,Female,58,Caucasian,1,2,M,O,0,1,Low,Low
634,Male,53,African-American,1,4,F,O,0,1,Low,Low
635,Male,31,African-American,3,7,M,M,0,2,Low,Low
636,Male,22,African-American,5,2,F,O,0,6,Medium,Medium
637,Male,22,Caucasian,5,1,F,F,0,5,Medium,Medium
638,Male,28,African-American,6,8,F,F,0,6,Medium,Medium
639,Male,42,Other,1,1,F,O,0,1,Low,Low
640,Male,20,African-American,7,0,F,M,0,8,High,Medium
641,Male,29,Caucasian,6,0,M,M,1,4,Low,Medium
642,Female,41,Caucasian,1,0,M,O,0,1,Low,Low
643,Male,29,African-American,10,8,F,O,0,9,High,High
644,Male,58,African-American,7,21,M,M,0,4,Low,Medium
645,Male,22,African-American,7,3,F,O,0,6,Medium,Medium
646,Male,48,Hispanic,1,1,M,M,0,1,Low,Low
647,Male,37,Caucasian,4,0,F,O,0,3,Low,Low
648,Male,57,African-American,5,1,F,M,0,6,Medium,Medium
649,Male,27,Caucasian,1,3,M,O,0,1,Low,Low
650,Female,49,Other,2,0,O,O,0,1,Low,Low
651,Male,26,African-American,4,3,F,O,0,3,Low,Low
652,Male,29,Caucasian,5,0,O,O,0,3,Low,Medium
653,Male,24,Caucasian,8,3,F,M,0,5,Medium,High
654,Male,33,Caucasian,1,0,F,O,0,2,Low,Low
655,Male,28,Caucasian,2,1,F,O,0,3,Low,Low
656,Male,29,African-American,6,2,F,O,0,3,Low,Medium
657,Female,24,African-American,10,3,F,F,0,9,High,High
658,Male,24,Caucasian,1,0,M,O,0,2,Low,Low
659,Male,19,Caucasian,10,1,F,M,0,8,High,High
660,Male,36,Caucasian,1,2,M,O,0,1,Low,Low
661,Male,33,Other,1,0,F,O,0,1,Low,Low
662,Female,24,Caucasian,5,0,F,O,0,5,Medium,Medium
663,Male,32,Caucasian,1,0,M,O,0,1,Low,Low
664,Male,34,Caucasian,1,0,M,O,0,1,Low,Low
665,Male,31,African-American,1,1,F,O,0,1,Low,Low
666,Male,36,Caucasian,1,0,O,O,0,1,Low,Low
667,Male,24,African-American,4,4,F,O,0,5,Medium,Low
668,Male,25,Hispanic,5,2,F,M,1,3,Low,Medium
669,Male,20,African-American,10,1,F,M,0,8,High,High
670,Male,58,Caucasian,1,0,O,O,0,1,Low,Low
671,Male,35,African-American,10,0,O,O,0,10,High,High
672,Male,22,African-American,3,1,F,O,0,5,Medium,Low
673,Male,28,Hispanic,5,2,M,F,1,3,Low,Medium
674,Male,24,African-American,2,1,M,M,1,4,Low,Low
675,Male,61,Caucasian,1,4,F,O,0,1,Low,Low
676,Male,34,Caucasian,6,9,F,O,0,4,Low,Medium
677,Female,27,Caucasian,4,1,F,O,0,2,Low,Low
678,Female,50,African-American,2,3,F,O,0,1,Low,Low
679,Male,30,African-American,1,1,M,O,0,2,Low,Low
680,Male,38,African-American,3,5,F,O,0,2,Low,Low
681,Male,24,Caucasian,1,0,M,O,0,2,Low,Low
682,Male,27,African-American,8,2,F,O,0,5,Medium,High
683,Male,34,Caucasian,1,0,M,O,0,1,Low,Low
684,Male,45,African-American,2,16,F,O,0,1,Low,Low
685,Female,46,African-American,10,2,F,F,0,8,High,High
686,Male,41,Caucasian,1,0,M,M,0,1,Low,Low
687,Male,20,Other,8,0,F,F,1,6,Medium,High
688,Male,27,African-American,8,13,M,M,1,9,High,High
689,Female,51,African-American,8,16,F,O,0,1,Low,High
690,Male,21,African-American,4,0,O,O,0,6,Medium,Low
691,Male,26,African-American,6,1,M,F,0,3,Low,Medium
692,Male,29,African-American,5,3,F,M,0,3,Low,Medium
693,Male,52,Caucasian,5,6,F,M,0,3,Low,Medium
694,Male,28,Caucasian,4,1,F,M,1,3,Low,Low
695,Male,36,Caucasian,7,0,O,O,0,5,Medium,Medium
696,Female,34,Native American,7,4,F,F,0,3,Low,Medium
697,Male,55,African-American,3,5,F,F,0,1,Low,Low
698,Male,46,Caucasian,2,2,M,O,0,1,Low,Low
699,Male,59,Caucasian,1,0,M,O,0,1,Low,Low
700,Male,26,African-American,9,10,F,F,1,6,Medium,High
701,Male,28,African-American,10,5,F,O,0,10,High,High
702,Male,27,Caucasian,5,0,O,O,0,3,Low,Medium
703,Male,63,Caucasian,1,2,F,O,0,1,Low,Low
704,Male,42,African-American,1,0,F,O,0,1,Low,Low
705,Male,21,African-American,3,1,F,O,0,5,Medium,Low
706,Male,57,African-American,1,2,F,O,0,1,Low,Low
707,Male,23,African-American,6,6,F,F,1,6,Medium,Medium
708,Male,54,African-American,9,28,F,M,0,5,Medium,High
709,Male,35,African-American,7,8,F,M,0,4,Low,Medium
710,Male,42,Caucasian,1,1,F,O,0,1,Low,Low
711,Female,24,African-American,9,6,F,M,0,9,High,High
712,Male,54,African-American,1,2,M,O,0,1,Low,Low
713,Male,58,African-American,6,12,M,M,0,3,Low,Medium
714,Male,40,Hispanic,1,1,M,O,0,1,Low,Low
715,Male,23,Caucasian,5,1,M,F,0,5,Medium,Medium
716,Male,35,African-American,2,1,M,O,0,2,Low,Low
717,Male,53,African-American,6,17,F,O,0,4,Low,Medium
718,Male,20,African-American,10,1,F,M,1,10,High,High
719,Male,24,African-American,4,1,F,O,0,4,Low,Low
720,Male,51,Caucasian,1,0,F,O,0,1,Low,Low
721,Male,24,Hispanic,10,0,F,O,0,7,Medium,High
722,Male,37,Caucasian,2,3,F,O,0,1,Low,Low
723,Female,46,African-American,1,0,F,O,0,1,Low,Low
724,Male,47,Caucasian,1,3,F,O,0,1,Low,Low
725,Male,44,African-American,4,3,F,O,0,6,Medium,Low
726,Male,34,Caucasian,6,4,F,M,0,2,Low,Medium
727,Male,56,Caucasian,1,0,F,O,0,1,Low,Low
728,Male,34,Hispanic,1,4,F,M,0,1,Low,Low
729,Male,59,Caucasian,1,1,F,M,0,1,Low,Low
730,Male,35,Asian,6,0,F,O,0,4,Low,Medium
731,Male,58,Hispanic,1,1,F,O,0,1,Low,Low
732,Male,29,Hispanic,4,2,M,O,0,2,Low,Low
733,Female,53,Caucasian,1,1,M,O,0,1,Low,Low
734,Male,35,African-American,5,0,F,O,0,3,Low,Medium
735,Male,29,Caucasian,3,1,F,O,0,5,Medium,Low
736,Male,30,African-American,1,4,M,O,0,2,Low,Low
737,Female,24,Caucasian,9,6,F,M,1,4,Low,High
738,Male,21,Caucasian,9,2,M,M,1,9,High,High
739,Male,26,African-American,9,2,M,O,0,6,Medium,High
740,Male,50,Asian,7,5,F,M,0,5,Medium,Medium
741,Male,24,African-American,5,0,O,O,0,4,Low,Medium
742,Male,33,Caucasian,9,0,F,O,0,7,Medium,High
743,Male,26,African-American,2,1,F,O,0,3,Low,Low
744,Male,49,African-American,7,18,F,O,0,4,Low,Medium
745,Female,30,Caucasian,2,0,M,O,0,2,Low,Low
746,Male,31,African-American,5,6,F,O,0,8,High,Medium
747,Male,37,Caucasian,3,5,F,O,0,3,Low,Low
748,Male,61,African-American,5,0,O,O,0,3,Low,Medium
749,Female,60,Caucasian,4,5,M,O,0,1,Low,Low
750,Male,29,Caucasian,9,6,F,M,0,8,High,High
751,Male,55,Hispanic,1,0,F,O,0,1,Low,Low
752,Male,29,Caucasian,4,0,M,M,1,4,Low,Low
753,Male,54,African-American,1,0,M,O,0,1,Low,Low
754,Male,29,African-American,4,4,F,F,1,4,Low,Low
755,Male,29,African-American,8,12,F,O,0,4,Low,High
756,Female,59,Caucasian,1,0,M,O,0,1,Low,Low
757,Male,38,African-American,5,0,F,O,0,1,Low,Medium
758,Female,22,Hispanic,5,2,F,M,0,4,Low,Medium
759,Male,27,Caucasian,-1,1,M,O,0,-1,,
760,Male,29,African-American,7,4,F,M,1,6,Medium,Medium
761,Male,59,African-American,6,0,O,O,0,3,Low,Medium
762,Male,27,Caucasian,3,1,M,M,0,3,Low,Low
763,Male,26,Hispanic,5,7,F,M,0,5,Medium,Medium
764,Male,52,Hispanic,3,20,F,O,0,1,Low,Low
765,Male,66,African-American,6,33,F,M,0,2,Low,Medium
766,Male,31,African-American,6,0,O,O,0,8,High,Medium
767,Female,27,African-American,3,0,O,O,0,3,Low,Low
768,Male,22,African-American,10,0,F,O,0,5,Medium,High
769,Male,27,Caucasian,5,2,F,O,0,4,Low,Medium
770,Male,51,Caucasian,1,1,M,O,0,1,Low,Low
771,Male,35,Caucasian,2,1,F,O,0,3,Low,Low
772,Male,71,Caucasian,1,2,M,O,0,1,Low,Low
773,Male,36,African-American,1,0,M,O,0,1,Low,Low
774,Male,26,African-American,7,1,F,O,0,4,Low,Medium
775,Male,52,Caucasian,3,4,M,O,0,2,Low,Low
776,Female,43,Other,1,0,O,O,0,1,Low,Low
777,Male,39,Caucasian,1,4,F,O,0,1,Low,Low
778,Male,30,Caucasian,5,1,F,O,0,3,Low,Medium
779,Female,35,African-American,2,12,M,O,0,1,Low,Low
780,Male,25,African-American,8,2,F,O,0,9,High,High
781,Male,48,Other,5,12,F,O,0,4,Low,Medium
782,Male,55,African-American,9,1,F,O,0,3,Low,High
783,Female,62,Hispanic,1,0,F,O,0,1,Low,Low
784,Female,34,Caucasian,6,4,F,O,0,2,Low,Medium
785,Female,26,African-American,2,0,M,O,0,2,Low,Low
786,Female,48,Caucasian,1,0,M,O,0,1,Low,Low
787,Male,30,Hispanic,4,7,M,O,0,5,Medium,Low
788,Male,28,Other,1,2,M,O,0,2,Low,Low
789,Male,33,African-American,3,2,M,O,0,3,Low,Low
790,Female,34,African-American,4,6,F,O,0,2,Low,Low
791,Female,22,African-American,9,1,F,O,0,5,Medium,High
792,Male,25,Other,1,0,M,O,0,2,Low,Low
793,Male,59,African-American,7,10,F,M,0,4,Low,Medium
794,Male,29,African-American,5,5,F,M,0,3,Low,Medium
795,Male,42,Other,1,0,M,O,0,1,Low,Low
796,Male,24,Caucasian,2,0,F,O,0,3,Low,Low
797,Male,58,Caucasian,1,0,F,O,0,1,Low,Low
798,Male,48,Caucasian,7,1,F,M,0,4,Low,Medium
799,Female,54,Caucasian,1,2,F,O,0,1,Low,Low
800,Male,55,African-American,8,0,M,F,1,4,Low,High
801,Male,30,African-American,2,0,M,O,0,2,Low,Low
802,Male,24,Caucasian,5,3,F,O,0,6,Medium,Medium
803,Male,52,African-American,5,4,M,O,0,3,Low,Medium
804,Male,20,African-American,4,0,F,M,0,6,Medium,Low
805,Male,25,Caucasian,4,4,F,M,0,3,Low,Low
806,Male,24,Caucasian,2,0,F,O,0,3,Low,Low
807,Male,23,Caucasian,9,0,M,O,0,6,Medium,High
808,Male,27,Caucasian,4,6,F,F,0,3,Low,Low
809,Male,53,African-American,1,1,F,O,0,1,Low,Low
810,Male,25,African-American,3,1,M,M,0,3,Low,Low
811,Female,29,Other,2,0,F,O,0,2,Low,Low
812,Male,31,African-American,2,0,F,O,0,1,Low,Low
813,Male,25,African-American,4,6,F,M,0,5,Medium,Low
814,Male,32,Caucasian,1,1,F,M,1,2,Low,Low
815,Male,21,Caucasian,3,0,F,M,0,5,Medium,Low
816,Male,45,Caucasian,5,10,F,O,0,7,Medium,Medium
817,Male,37,Other,1,1,F,O,0,1,Low,Low
818,Male,25,Caucasian,3,0,F,O,0,4,Low,Low
819,Male,21,African-American,3,0,M,O,0,6,Medium,Low
820,Male,32,Hispanic,10,20,F,O,0,7,Medium,High
821,Male,35,African-American,7,0,F,O,0,2,Low,Medium
822,Male,34,Caucasian,10,28,F,O,0,5,Medium,High
823,Male,42,African-American,7,14,F,F,0,6,Medium,Medium
824,Female,31,Hispanic,6,0,O,O,0,3,Low,Medium
825,Male,24,Caucasian,10,9,M,F,1,8,High,High
826,Female,26,Caucasian,2,1,F,O,0,2,Low,Low
827,Male,35,African-American,7,6,M,O,0,3,Low,Medium
828,Female,26,Caucasian,9,0,F,O,0,9,High,High
829,Male,22,Caucasian,10,6,F,M,0,10,High,High
830,Male,21,Hispanic,6,0,F,M,0,9,High,Medium
831,Male,47,Caucasian,1,1,M,O,0,1,Low,Low
832,Male,71,Caucasian,1,0,M,O,0,1,Low,Low
833,Female,21,African-American,4,0,M,O,0,5,Medium,Low
834,Male,68,Caucasian,1,0,M,O,0,1,Low,Low
835,Male,27,African-American,9,5,F,M,0,7,Medium,High
836,Male,43,Hispanic,1,2,M,M,0,1,Low,Low
837,Male,46,Caucasian,6,2,F,M,0,1,Low,Medium
838,Male,44,African-American,3,1,M,O,0,1,Low,Low
839,Female,39,Caucasian,1,0,F,O,0,1,Low,Low
840,Male,27,African-American,5,0,F,O,0,5,Medium,Medium
841,Male,23,Caucasian,2,2,F,O,0,3,Low,Low
842,Female,50,Hispanic,1,1,F,O,0,1,Low,Low
843,Male,42,African-American,5,8,F,O,0,2,Low,Medium
844,Male,58,African-American,6,6,F,O,0,3,Low,Medium
845,Male,24,African-American,3,0,M,O,0,4,Low,Low
846,Male,49,African-American,7,15,F,O,0,7,Medium,Medium
847,Male,26,African-American,6,3,F,F,0,4,Low,Medium
848,Female,48,Other,1,0,F,O,0,1,Low,Low
849,Male,39,African-American,3,3,F,M,0,2,Low,Low
850,Male,21,African-American,5,3,F,F,1,6,Medium,Medium
851,Male,63,Caucasian,1,1,M,O,0,1,Low,Low
852,Male,22,African-American,7,3,F,F,1,7,Medium,Medium
853,Male,50,African-American,3,3,M,O,0,2,Low,Low
854,Female,26,Other,2,0,O,O,0,2,Low,Low
855,Male,38,African-American,1,0,F,O,0,1,Low,Low
856,Male,41,Caucasian,6,1,F,O,0,4,Low,Medium
857,Male,28,African-American,8,16,F,M,1,9,High,High
858,Female,30,African-American,3,0,M,O,0,3,Low,Low
859,Male,23,African-American,5,1,F,O,0,7,Medium,Medium
860,Male,21,Caucasian,3,0,F,O,0,6,Medium,Low
861,Male,25,Caucasian,4,2,F,F,0,3,Low,Low
862,Male,53,Caucasian,1,2,M,O,0,1,Low,Low
863,Male,40,Caucasian,4,5,F,O,0,1,Low,Low
864,Male,24,Hispanic,8,8,F,O,0,4,Low,High
865,Female,23,Caucasian,8,3,M,O,0,4,Low,High
866,Male,41,Caucasian,3,0,O,O,0,1,Low,Low
867,Male,27,African-American,4,5,M,M,0,9,High,Low
868,Female,37,African-American,1,0,F,O,0,1,Low,Low
869,Male,44,Caucasian,3,11,M,O,0,6,Medium,Low
870,Female,35,African-American,2,6,F,M,1,1,Low,Low
871,Male,42,Caucasian,1,0,M,O,0,1,Low,Low
872,Male,38,African-American,7,15,F,M,0,5,Medium,Medium
873,Male,53,Other,1,0,O,O,0,1,Low,Low
874,Male,26,Hispanic,6,4,F,O,0,6,Medium,Medium
875,Female,25,African-American,3,0,M,O,0,3,Low,Low
876,Male,34,Caucasian,1,0,M,O,0,1,Low,Low
877,Male,22,African-American,7,2,F,O,0,8,High,Medium
878,Male,36,African-American,4,0,O,O,0,2,Low,Low
879,Male,24,Caucasian,4,1,F,O,0,6,Medium,Low
880,Male,64,Hispanic,1,1,F,O,0,1,Low,Low
881,Female,49,Caucasian,1,2,M,M,0,1,Low,Low
882,Male,50,Caucasian,1,5,F,M,0,1,Low,Low
883,Male,28,Caucasian,6,8,F,F,0,8,High,Medium
884,Male,66,Caucasian,1,0,M,M,0,1,Low,Low
885,Male,32,Hispanic,6,0,O,O,0,3,Low,Medium
886,Female,46,Caucasian,1,0,M,O,0,1,Low,Low
887,Male,30,African-American,6,5,F,F,1,6,Medium,Medium
888,Female,22,Caucasian,3,0,M,O,0,4,Low,Low
889,Male,23,Caucasian,4,1,M,O,0,6,Medium,Low
890,Male,30,Other,6,0,M,M,0,5,Medium,Medium
891,Male,24,African-American,10,10,F,F,0,5,Medium,High
892,Male,53,Caucasian,7,0,F,O,0,5,Medium,Medium
893,Male,31,Hispanic,1,0,M,O,0,2,Low,Low
894,Male,56,Caucasian,1,3,M,O,0,1,Low,Low
895,Male,31,Other,2,1,F,O,0,2,Low,Low
896,Female,31,Caucasian,7,0,F,O,0,3,Low,Medium
897,Male,21,African-American,7,4,F,M,0,8,High,Medium
898,Male,28,African-American,8,4,F,F,0,7,Medium,High
899,Male,25,African-American,3,0,M,F,1,4,Low,Low
900,Female,21,Caucasian,7,0,F,O,0,5,Medium,Medium
901,Male,27,African-American,2,0,M,O,0,3,Low,Low
902,Male,48,Caucasian,-1,3,F,F,0,3,Low,
903,Male,20,African-American,4,0,O,O,0,6,Medium,Low
904,Male,20,Hispanic,2,0,M,M,0,5,Medium,Low
905,Male,32,Hispanic,1,1,F,O,0,1,Low,Low
906,Female,24,Caucasian,5,0,F,O,0,5,Medium,Medium
907,Male,22,African-American,7,1,F,O,0,6,Medium,Medium
908,Female,24,Caucasian,2,0,M,O,0,3,Low,Low
909,Male,20,African-American,3,1,F,O,0,6,Medium,Low
910,Male,26,African-American,4,1,F,O,0,4,Low,Low
911,Female,48,Hispanic,1,0,M,O,0,1,Low,Low
912,Male,26,Asian,1,0,M,O,0,2,Low,Low
913,Male,31,African-American,8,3,M,M,0,3,Low,High
914,Male,27,African-American,7,3,M,F,1,8,High,Medium
915,Male,59,African-American,5,17,F,M,0,2,Low,Medium
916,Male,40,African-American,2,0,F,O,0,1,Low,Low
917,Male,22,African-American,10,11,F,F,1,8,High,High
918,Female,38,African-American,1,1,F,O,0,1,Low,Low
919,Male,36,Hispanic,10,1,M,F,0,9,High,High
920,Male,50,Other,1,4,M,O,0,1,Low,Low
921,Male,30,African-American,7,1,M,O,0,4,Low,Medium
922,Male,27,Caucasian,6,6,F,F,1,4,Low,Medium
923,Male,43,African-American,1,1,M,O,0,1,Low,Low
924,Female,59,Caucasian,1,0,M,O,0,1,Low,Low
925,Male,37,Caucasian,1,2,M,O,0,1,Low,Low
926,Male,28,African-American,7,5,M,M,0,7,Medium,Medium
927,Male,38,Caucasian,1,0,F,O,0,1,Low,Low
928,Female,33,Caucasian,1,0,M,O,0,1,Low,Low
929,Male,24,Caucasian,4,2,F,O,0,5,Medium,Low
930,Male,22,African-American,8,0,F,M,0,6,Medium,High
931,Male,60,Hispanic,4,0,F,O,0,1,Low,Low
932,Male,43,Hispanic,1,1,M,O,0,1,Low,Low
933,Male,28,Caucasian,9,1,F,O,0,3,Low,High
934,Male,25,African-American,5,4,F,M,1,4,Low,Medium
935,Male,51,Caucasian,1,0,M,O,0,1,Low,Low
936,Male,33,Caucasian,1,0,F,O,0,1,Low,Low
937,Male,30,Hispanic,5,6,F,F,1,3,Low,Medium
938,Female,58,Caucasian,1,0,M,O,0,1,Low,Low
939,Male,63,African-American,1,2,M,O,0,1,Low,Low
940,Female,28,Caucasian,4,0,M,O,0,5,Medium,Low
941,Male,38,Caucasian,1,0,O,O,0,1,Low,Low
942,Female,28,Caucasian,3,0,M,O,0,3,Low,Low
943,Male,29,Caucasian,2,2,M,M,0,2,Low,Low
944,Male,28,African-American,3,10,F,O,0,2,Low,Low
945,Male,26,African-American,8,6,M,O,0,8,High,High
946,Male,55,African-American,3,9,M,F,0,1,Low,Low
947,Female,23,Caucasian,10,3,F,O,0,9,High,High
948,Female,22,African-American,5,0,M,O,0,6,Medium,Medium
949,Female,19,Caucasian,10,2,F,F,0,7,Medium,High
950,Male,23,African-American,10,4,F,O,0,8,High,High
951,Male,31,African-American,1,1,M,O,0,1,Low,Low
952,Male,45,African-American,4,0,O,O,0,3,Low,Low
953,Male,29,African-American,1,0,M,O,0,1,Low,Low
954,Male,21,African-American,6,1,M,O,0,6,Medium,Medium
955,Male,61,African-American,6,15,F,F,0,3,Low,Medium
956,Male,24,African-American,10,4,F,M,1,9,High,High
957,Male,26,Hispanic,2,0,F,O,0,2,Low,Low
958,Male,31,Hispanic,2,0,M,O,0,2,Low,Low
959,Male,20,African-American,9,4,F,F,0,6,Medium,High
960,Male,26,Caucasian,7,3,F,M,0,4,Low,Medium
961,Female,22,Hispanic,3,0,M,O,0,3,Low,Low
962,Male,27,Caucasian,9,5,M,O,0,7,Medium,High
963,Male,25,Caucasian,5,1,F,O,0,3,Low,Medium
964,Male,23,Caucasian,5,3,F,F,0,5,Medium,Medium
965,Male,38,African-American,1,0,F,O,0,1,Low,Low
966,Male,51,Caucasian,4,1,F,O,0,1,Low,Low
967,Male,27,African-American,9,18,F,M,0,6,Medium,High
968,Female,35,Caucasian,3,0,F,M,0,2,Low,Low
969,Male,22,Other,9,0,F,O,0,7,Medium,High
970,Male,38,African-American,6,11,F,O,0,1,Low,Medium
971,Female,58,African-American,2,4,F,M,1,1,Low,Low
972,Male,44,African-American,1,6,F,O,0,3,Low,Low
973,Female,57,Caucasian,4,0,M,M,0,1,Low,Low
974,Male,36,Other,2,6,F,O,0,3,Low,Low
975,Male,21,African-American,3,0,F,O,0,5,Medium,Low
976,Male,20,African-American,5,1,F,O,0,8,High,Medium
977,Female,22,African-American,8,0,F,O,0,6,Medium,High
978,Male,30,African-American,2,0,F,O,0,2,Low,Low
979,Male,24,Caucasian,10,1,F,M,0,9,High,High
980,Female,24,African-American,9,0,O,O,0,6,Medium,High
981,Male,56,Caucasian,1,1,M,O,0,1,Low,Low
982,Male,32,African-American,3,1,F,O,0,1,Low,Low
983,Male,22,Caucasian,4,2,F,M,1,6,Medium,Low
984,Male,43,Caucasian,1,0,O,O,0,1,Low,Low
985,Male,31,Hispanic,2,1,F,O,0,2,Low,Low
986,Male,29,Caucasian,4,3,F,M,0,2,Low,Low
987,Male,30,African-American,8,8,F,F,0,3,Low,High
988,Female,31,African-American,6,10,F,O,0,2,Low,Medium
989,Male,53,Hispanic,1,0,F,O,0,1,Low,Low
990,Female,45,Caucasian,6,1,F,O,0,4,Low,Medium
991,Male,23,African-American,7,4,F,O,0,9,High,Medium
992,Female,36,African-American,6,2,F,O,0,3,Low,Medium
993,Male,39,Caucasian,2,2,F,M,0,1,Low,Low
994,Male,23,Hispanic,2,0,F,O,0,3,Low,Low
995,Male,31,African-American,8,0,F,F,0,8,High,High
996,Male,22,African-American,4,1,F,F,0,6,Medium,Low
997,Female,27,African-American,2,9,F,M,0,2,Low,Low
998,Male,27,African-American,7,13,F,F,1,3,Low,Medium
999,Male,38,Caucasian,1,1,F,M,1,1,Low,Low
1000,Male,31,African-American,10,23,F,F,0,10,High,High
